{
  "id": "feiticeiros-e-maldicoes",
  "title": "Feiticeiros e Maldições",
  "version": "1.4",
  "compatibility": {
    "minimum": "11",
    "verified": "12",
    "maximum": "13"
  },
  "relationships": {
    "systems": [
      {
        "id": "custom-system-builder",
        "type": "system",
        "compatibility": {}
      }
    ],
    "recommends": [
      {
        "id": "dice-so-nice",
        "type": "module",
        "compatibility": {}
      },
      {
        "id": "chat-portrait",
        "type": "module",
        "compatibility": {}
      },
      {
        "id": "barbrawl",
        "type": "module",
        "compatibility": {}
      }
    ]
  },
  "authors": [
    {
      "name": "Kyodan",
      "email": "santossilva.f@gmail.com",
      "discord": "kyodansfx",
      "url": "https://github.com/Kyodan061/Feiticeiros-e-Maldicoes-CSB",
      "flags": {}
    }
  ],
  "packs": [
    {
      "name": "personagens",
      "label": "Personagens",
      "path": "packs/personagens",
      "type": "Actor",
      "system": "custom-system-builder",
      "ownership": {
        "PLAYER": "NONE",
        "ASSISTANT": "OWNER"
      }
    },
    {
      "name": "aptidoes-amaldicoadas",
      "label": "Aptidões Amaldiçoadas",
      "path": "packs/aptidoes-amaldicoadas",
      "type": "Item",
      "system": "custom-system-builder",
      "ownership": {
        "PLAYER": "OBSERVER",
        "ASSISTANT": "OWNER"
      }
    },
    {
      "name": "habilidades-de-especializacao",
      "label": "Habilidades de Especialização",
      "path": "packs/habilidades-de-especializacao",
      "type": "Item",
      "system": "custom-system-builder",
      "ownership": {
        "PLAYER": "OBSERVER",
        "ASSISTANT": "OWNER"
      }
    },
    {
      "name": "talentos",
      "label": "Talentos",
      "path": "packs/talentos",
      "type": "Item",
      "system": "custom-system-builder",
      "ownership": {
        "PLAYER": "OBSERVER",
        "ASSISTANT": "OWNER"
      }
    },
    {
      "name": "equipamentos",
      "label": "Equipamentos",
      "path": "packs/equipamentos",
      "type": "Item",
      "system": "custom-system-builder",
      "ownership": {
        "PLAYER": "OBSERVER",
        "ASSISTANT": "OWNER"
      }
    },
    {
      "name": "tecnicas",
      "label": "Técnicas",
      "path": "packs/tecnicas",
      "type": "Item",
      "system": "custom-system-builder",
      "ownership": {
        "PLAYER": "OBSERVER",
        "ASSISTANT": "OWNER"
      }
    },
    {
      "name": "templates-para-itens",
      "label": "Bases para Itens",
      "path": "packs/templates-para-itens",
      "type": "Item",
      "system": "custom-system-builder",
      "ownership": {
        "PLAYER": "NONE",
        "ASSISTANT": "OWNER"
      }
    },
    {
      "name": "enciclopedia-amaldicoada",
      "label": "Enciclopédia Amaldiçoada",
      "path": "packs/enciclopedia-amaldicoada",
      "type": "Item",
      "system": "custom-system-builder",
      "ownership": {
        "PLAYER": "OBSERVER",
        "ASSISTANT": "OWNER"
      }
    },
    {
      "name": "grimorio-das-maldicoes",
      "label": "Grimório das Maldições",
      "path": "packs/grimorio-das-maldicoes",
      "type": "Actor",
      "system": "custom-system-builder",
      "ownership": {
        "PLAYER": "NONE",
        "ASSISTANT": "OWNER"
      }
    },
    {
      "name": "acoes-de-criaturas",
      "label": "Ameaças e Invocações",
      "path": "packs/acoes-de-criaturas",
      "type": "Item",
      "system": "custom-system-builder",
      "ownership": {
        "PLAYER": "OBSERVER",
        "ASSISTANT": "OWNER"
      }
    },
    {
      "name": "manual-jujutsu",
      "label": "Manual Jujutsu",
      "path": "packs/manual-jujutsu",
      "type": "Item",
      "system": "custom-system-builder",
      "ownership": {
        "PLAYER": "OBSERVER",
        "ASSISTANT": "OWNER"
      }
    },
    {
      "name": "maldicoes-libertas",
      "label": "Maldições Libertas",
      "path": "packs/maldicoes-libertas",
      "type": "Actor",
      "system": "custom-system-builder",
      "ownership": {
        "PLAYER": "NONE",
        "ASSISTANT": "OWNER"
      }
    },
    {
      "name": "arquivos-de-grau-especial",
      "label": "Arquivos de Grau Especial",
      "path": "packs/arquivos-de-grau-especial",
      "type": "JournalEntry",
      "system": "custom-system-builder",
      "ownership": {
        "PLAYER": "NONE",
        "ASSISTANT": "OWNER"
      }
    },
    {
      "name": "invocacoes-de-tecnica",
      "label": "Invocações de Técnica",
      "path": "packs/invocacoes-de-tecnica",
      "type": "Actor",
      "system": "custom-system-builder",
      "ownership": {
        "PLAYER": "OBSERVER",
        "ASSISTANT": "OWNER"
      }
    },
    {
      "name": "habilidades-lendarias",
      "label": "Habilidades Lendárias",
      "path": "packs/habilidades-lendarias",
      "type": "Item",
      "system": "custom-system-builder",
      "ownership": {
        "PLAYER": "OBSERVER",
        "ASSISTANT": "OWNER"
      }
    },
    {
      "name": "melhorias-superiores",
      "label": "Melhorias Superiores",
      "path": "packs/melhorias-superiores",
      "type": "Item",
      "system": "custom-system-builder",
      "ownership": {
        "PLAYER": "OBSERVER",
        "ASSISTANT": "OWNER"
      }
    },
    {
      "name": "personalizados",
      "label": "Personalizados",
      "path": "packs/personalizados",
      "type": "Item",
      "ownership": {
        "PLAYER": "OBSERVER",
        "ASSISTANT": "OWNER"
      },
      "system": "custom-system-builder"
    }
  ],
  "url": "https://github.com/Kyodan061/Feiticeiros-e-Maldicoes-CSB",
  "manifest": "https://raw.githubusercontent.com/Kyodan061/Feiticeiros-e-Maldicoes-CSB/main/module.json",
  "download": "https://github.com/Kyodan061/Feiticeiros-e-Maldicoes-CSB/releases/download/2.0/feiticeiros-e-maldicoes.zip"
}