{
  "id": "feiticeiros-e-maldicoes",
  "title": "Feiticeiros e Maldições",
  "version": "1.1.1",
  "compatibility": {
    "minimum": "11",
    "verified": "11",
    "maximum": "12"
  },
  "relationships": {
    "systems": [
      {
        "id": "custom-system-builder",
        "type": "system",
        "compatibility": {}
      }
    ],
    "recommends": [
      {
        "id": "dice-so-nice",
        "type": "module"
      },
      {
        "id": "chat-portrait",
        "type": "module"
      },
      {
        "id": "barbrawl",
        "type": "module"
      }
    ]
  },
  "authors": [
    {
      "name": "Fagner Santos",
      "email": "santossilva.f@gmail.com",
      "discord": "kyodansfx"
    }
  ],
  "packs": [
    {
      "name": "personagens",
      "label": "Personagens",
      "path": "packs/personagens",
      "type": "Actor",
      "system": "custom-system-builder",
      "ownership": {
        "PLAYER": "OBSERVER",
        "ASSISTANT": "OWNER"
      }
    },
    {
      "name": "aptidoes-amaldicoadas",
      "label": "Aptidões Amaldiçoadas",
      "path": "packs/aptidoes-amaldicoadas",
      "type": "Item",
      "system": "custom-system-builder",
      "ownership": {
        "PLAYER": "OBSERVER",
        "ASSISTANT": "OWNER"
      }
    },
    {
      "name": "habilidades-de-especializacao",
      "label": "Habilidades de Especialização",
      "path": "packs/habilidades-de-especializacao",
      "type": "Item",
      "system": "custom-system-builder",
      "ownership": {
        "PLAYER": "OBSERVER",
        "ASSISTANT": "OWNER"
      }
    },
    {
      "name": "talentos",
      "label": "Talentos",
      "path": "packs/talentos",
      "type": "Item",
      "system": "custom-system-builder",
      "ownership": {
        "PLAYER": "OBSERVER",
        "ASSISTANT": "OWNER"
      }
    },
    {
      "name": "equipamentos",
      "label": "Equipamentos",
      "path": "packs/equipamentos",
      "type": "Item",
      "system": "custom-system-builder",
      "ownership": {
        "PLAYER": "OBSERVER",
        "ASSISTANT": "OWNER"
      }
    },
    {
      "name": "tecnicas",
      "label": "Técnicas",
      "path": "packs/tecnicas",
      "type": "Item",
      "system": "custom-system-builder",
      "ownership": {
        "PLAYER": "OBSERVER",
        "ASSISTANT": "OWNER"
      }
    },
    {
      "name": "templates-para-itens",
      "label": "Templates para Itens",
      "path": "packs/templates-para-itens",
      "type": "Item",
      "system": "custom-system-builder",
      "ownership": {
        "PLAYER": "OBSERVER",
        "ASSISTANT": "OWNER"
      }
    },
    {
      "name": "enciclopedia-amaldicoada",
      "label": "Enciclopédia Amaldiçoada",
      "path": "packs/enciclopedia-amaldicoada",
      "type": "Item",
      "system": "custom-system-builder",
      "ownership": {
        "PLAYER": "OBSERVER",
        "ASSISTANT": "OWNER"
      }
    },
    {
      "name": "grimorio-das-maldicoes",
      "label": "Grimório das Maldições",
      "path": "packs/grimorio-das-maldicoes",
      "type": "Actor",
      "system": "custom-system-builder",
      "ownership": {
        "PLAYER": "OBSERVER",
        "ASSISTANT": "OWNER"
      }
    },
    {
      "name": "tutoriais",
      "label": "Tutoriais",
      "path": "packs/tutoriais",
      "type": "JournalEntry",
      "system": "custom-system-builder",
      "ownership": {
        "PLAYER": "OBSERVER",
        "ASSISTANT": "OWNER"
      }
    },
    {
      "name": "missoes-e-aventuras-prontas",
      "label": "Missões e Aventuras Prontas",
      "path": "packs/missoes-e-aventuras-prontas",
      "type": "JournalEntry",
      "system": "custom-system-builder",
      "ownership": {
        "PLAYER": "OBSERVER",
        "ASSISTANT": "OWNER"
      }
    },
    {
      "name": "acoes-de-criaturas",
      "label": "Ações de Criaturas",
      "path": "packs/acoes-de-criaturas",
      "type": "Item",
      "system": "custom-system-builder",
      "ownership": {
        "PLAYER": "OBSERVER",
        "ASSISTANT": "OWNER"
      }
    }
  ],
  "url": "https://github.com/Kyodan061/Feiticeiros-e-Maldicoes-CSB"
  "manifest": "https://raw.githubusercontent.com/Kyodan061/Feiticeiros-e-Maldicoes-CSB/main/module.json"
}